building_id,bld_area_m2,bld_perimeter_m,centroid_lon,centroid_lat,area_to_perimeter_ratio,is_large,levels
1,23391.609693918155,642.8997917491943,56.2305,58.0105,36.38453456373743,1,5.0
2,23392.91702111565,642.9232795909047,56.232499999999995,58.0125,36.38523874263921,1,
