{
  "mae": 61.304527635374725,
  "rmse": 87.59687484444063,
  "r2": 0.4240871104913295,
  "n_samples": 1000,
  "n_features": 6
}