{
  "mae": 62.75041299182726,
  "rmse": 80.56874459721566,
  "r2": 0.7259998322974579,
  "n_samples": 20,
  "n_features": 6
}