{
  "mae": 62.75041299182733,
  "rmse": 80.56874459721574,
  "r2": 0.7259998322974572,
  "n_samples": 20,
  "n_features": 6
}