{
  "mae": 62.7504129918273,
  "rmse": 80.56874459721568,
  "r2": 0.7259998322974577,
  "n_samples": 20,
  "n_features": 6
}